year,appeals_received,appeals_decided,avg_weeks_to_decide,pct_within_statutory_period,on_hand_end_of_year,backlog_growth
2019,2936,2830,30,65,1200,
2020,2743,2601,32,58,1350,12.5
2021,2611,2489,35,52,1500,11.111111111111116
2022,3059,2115,25,46,2580,72.0
2023,3272,3284,48,26,2564,-0.6201550387596955
